Task key,Issue code,Source collections,Source rows,Source record IDs,Affected field,Related IDs,Product name,Producer name,Category name,Occurrence count,Decision,Canonical ID,Replacement value,Rejection reason,Evidence reference,Operator,Reviewer,Reviewed at (UTC)
CATEGORY_CYCLE:categories:26,CATEGORY_CYCLE,categories,categories:27,categories:26,,,,,American Imperial or Double India Pale Ale,1,,,,,,,,
CATEGORY_CYCLE:categories:27,CATEGORY_CYCLE,categories,categories:28,categories:27,,,,,Imperial India Pale Ale,1,,,,,,,,
CATEGORY_CYCLE:categories:28,CATEGORY_CYCLE,categories,categories:29,categories:28,,,,,Double India Pale Ale,1,,,,,,,,
CATEGORY_CYCLE:categories:29,CATEGORY_CYCLE,categories,categories:30,categories:29,,,,,Triple India Pale Ale,1,,,,,,,,
CATEGORY_CYCLE:categories:30,CATEGORY_CYCLE,categories,categories:31,categories:30,,,,,Quadruple India Pale Ale,1,,,,,,,,
CATEGORY_CYCLE:categories:31,CATEGORY_CYCLE,categories,categories:32,categories:31,,,,,Imperial India Pale Ale,1,,,,,,,,
CATEGORY_CYCLE:categories:32,CATEGORY_CYCLE,categories,categories:33,categories:32,,,,,Double India Pale Ale,1,,,,,,,,
CATEGORY_CYCLE:categories:33,CATEGORY_CYCLE,categories,categories:34,categories:33,,,,,Triple India Pale Ale,1,,,,,,,,
CATEGORY_CYCLE:categories:34,CATEGORY_CYCLE,categories,categories:35,categories:34,,,,,Quadruple India Pale Ale,1,,,,,,,,
CATEGORY_CYCLE:categories:35,CATEGORY_CYCLE,categories,categories:36,categories:35,,,,,Imperial India Pale Ale,1,,,,,,,,
CATEGORY_CYCLE:categories:36,CATEGORY_CYCLE,categories,categories:37,categories:36,,,,,Double India Pale Ale,1,,,,,,,,
CATEGORY_CYCLE:categories:37,CATEGORY_CYCLE,categories,categories:38,categories:37,,,,,Triple India Pale Ale,1,,,,,,,,
CATEGORY_CYCLE:categories:38,CATEGORY_CYCLE,categories,categories:39,categories:38,,,,,Quadruple India Pale Ale,1,,,,,,,,
CATEGORY_CYCLE:categories:39,CATEGORY_CYCLE,categories,categories:40,categories:39,,,,,Imperial India Pale Ale,1,,,,,,,,
CATEGORY_CYCLE:categories:40,CATEGORY_CYCLE,categories,categories:41,categories:40,,,,,Double India Pale Ale,1,,,,,,,,
CATEGORY_CYCLE:categories:41,CATEGORY_CYCLE,categories,categories:42,categories:41,,,,,Triple India Pale Ale,1,,,,,,,,
CATEGORY_CYCLE:categories:42,CATEGORY_CYCLE,categories,categories:43,categories:42,,,,,Quadruple India Pale Ale,1,,,,,,,,
CATEGORY_CYCLE:categories:43,CATEGORY_CYCLE,categories,categories:44,categories:43,,,,,Imperial India Pale Ale,1,,,,,,,,
CATEGORY_CYCLE:categories:44,CATEGORY_CYCLE,categories,categories:45,categories:44,,,,,Double India Pale Ale,1,,,,,,,,
CATEGORY_CYCLE:categories:45,CATEGORY_CYCLE,categories,categories:46,categories:45,,,,,Triple India Pale Ale,1,,,,,,,,
CATEGORY_CYCLE:categories:46,CATEGORY_CYCLE,categories,categories:47,categories:46,,,,,Quadruple India Pale Ale,1,,,,,,,,
CATEGORY_CYCLE:categories:203,CATEGORY_CYCLE,categories,categories:204,categories:203,,,,,Barley Wine,1,,,,,,,,
CATEGORY_SELF_LINK:categories:203,CATEGORY_SELF_LINK,categories,categories:204,categories:203,parent_id,category:203,,,Barley Wine,1,,,,,,,,
DUPLICATE_PRODUCT_SORT_KEY:group:1a2f41bb8fe7dadf,DUPLICATE_PRODUCT_SORT_KEY,products,products:130; products:131,products:129; products:130,product_name,product:129; product:130,Imperial IPA,,,2,,,,,,,,
DUPLICATE_PRODUCT_SORT_KEY:group:34f476743f2e9ec4,DUPLICATE_PRODUCT_SORT_KEY,products,products:168; products:169,products:167; products:168,product_name,product:167; product:168,Pacific Ale,,,2,,,,,,,,
DUPLICATE_PRODUCT_SORT_KEY:group:4390f2bb507f70fd,DUPLICATE_PRODUCT_SORT_KEY,products,products:121; products:122; products:123,products:120; products:121; products:122,product_name,product:120; product:121; product:122,Pale Ale,,,3,,,,,,,,
DUPLICATE_PRODUCT_SORT_KEY:group:45c11a1c7666c699,DUPLICATE_PRODUCT_SORT_KEY,products,products:239; products:240,products:238; products:239,product_name,product:238; product:239,Session IPA,,,2,,,,,,,,
DUPLICATE_PRODUCT_SORT_KEY:group:6894594af31bfcc2,DUPLICATE_PRODUCT_SORT_KEY,products,products:243; products:244,products:242; products:243,product_name,product:242; product:243,Stout,,,2,,,,,,,,
DUPLICATE_PRODUCT_SORT_KEY:group:6bfeb68d2b3a2108,DUPLICATE_PRODUCT_SORT_KEY,products,products:165; products:166; products:167,products:164; products:165; products:166,product_name,product:164; product:165; product:166,NEIPA,,,3,,,,,,,,
DUPLICATE_PRODUCT_SORT_KEY:group:79e159b92fe4dff8,DUPLICATE_PRODUCT_SORT_KEY,products,products:233; products:234; products:235; products:236,products:232; products:233; products:234; products:235,product_name,product:232; product:233; product:234; product:235,Saison,,,4,,,,,,,,
DUPLICATE_PRODUCT_SORT_KEY:group:bbabdb24ad5c190f,DUPLICATE_PRODUCT_SORT_KEY,products,products:118; products:119,products:117; products:118,product_name,product:117; product:118,IPA,,,2,,,,,,,,
DUPLICATE_PRODUCT_SORT_KEY:group:d66b4b74375979cf,DUPLICATE_PRODUCT_SORT_KEY,products,products:79; products:80; products:81; products:82; products:83,products:78; products:79; products:80; products:81; products:82,product_name,product:78; product:79; product:80; product:81; product:82,Ginger Beer,,,5,,,,,,,,
MISSING_CATEGORY_REFERENCE:products:170,MISSING_CATEGORY_REFERENCE,products,products:171,products:170,product_category_id,category:332,East Coast Haze,,,1,,,,,,,,
MISSING_CATEGORY_REFERENCE:products:204,MISSING_CATEGORY_REFERENCE,products,products:205,products:204,product_category_id,category:331,Sour Cherry Ale,,,1,,,,,,,,
MISSING_CATEGORY_REFERENCE:products:207,MISSING_CATEGORY_REFERENCE,products,products:208,products:207,product_category_id,category:333,Tropical Sour,,,1,,,,,,,,
MISSING_CATEGORY_REFERENCE:products:349,MISSING_CATEGORY_REFERENCE,products,products:350,products:349,product_category_id,category:332,West Coast IPA,,,1,,,,,,,,
MISSING_PRODUCER_REFERENCE:products:30,MISSING_PRODUCER_REFERENCE,products,products:31,products:30,producer_id,producer:160,American Pale Ale,,,1,,,,,,,,
MISSING_PRODUCER_REFERENCE:products:40,MISSING_PRODUCER_REFERENCE,products,products:41,products:40,producer_id,producer:160,Australian Pale Ale,,,1,,,,,,,,
MISSING_PRODUCER_REFERENCE:products:44,MISSING_PRODUCER_REFERENCE,products,products:45,products:44,producer_id,producer:161,Baltic Porter,,,1,,,,,,,,
MISSING_PRODUCER_REFERENCE:products:53,MISSING_PRODUCER_REFERENCE,products,products:54,products:53,producer_id,producer:161,Belgian Dubbel,,,1,,,,,,,,
MISSING_PRODUCER_REFERENCE:products:71,MISSING_PRODUCER_REFERENCE,products,products:72,products:71,producer_id,producer:162,Black IPA,,,1,,,,,,,,
MISSING_PRODUCER_REFERENCE:products:78,MISSING_PRODUCER_REFERENCE,products,products:79,products:78,producer_id,producer:162,Ginger Beer,,,1,,,,,,,,
MISSING_PRODUCER_REFERENCE:products:88,MISSING_PRODUCER_REFERENCE,products,products:89,products:88,producer_id,producer:163,Hazy IPA,,,1,,,,,,,,
MISSING_PRODUCER_REFERENCE:products:90,MISSING_PRODUCER_REFERENCE,products,products:91,products:90,producer_id,producer:163,Hefeweizen,,,1,,,,,,,,
MISSING_PRODUCER_REFERENCE:products:98,MISSING_PRODUCER_REFERENCE,products,products:99,products:98,producer_id,producer:164,Imperial Stout,,,1,,,,,,,,
MISSING_PRODUCER_REFERENCE:products:104,MISSING_PRODUCER_REFERENCE,products,products:105,products:104,producer_id,producer:164,Irish Red Ale,,,1,,,,,,,,
MISSING_PRODUCER_REFERENCE:products:105,MISSING_PRODUCER_REFERENCE,products,products:106,products:105,producer_id,producer:165,Japanese Rice Lager,,,1,,,,,,,,
MISSING_PRODUCER_REFERENCE:products:107,MISSING_PRODUCER_REFERENCE,products,products:108,products:107,producer_id,producer:165,Kölsch,,,1,,,,,,,,
MISSING_PRODUCER_REFERENCE:products:112,MISSING_PRODUCER_REFERENCE,products,products:113,products:112,producer_id,producer:166,Lager,,,1,,,,,,,,
MISSING_PRODUCER_REFERENCE:products:116,MISSING_PRODUCER_REFERENCE,products,products:117,products:116,producer_id,producer:166,India Pale Ale,,,1,,,,,,,,
MISSING_PRODUCER_REFERENCE:products:124,MISSING_PRODUCER_REFERENCE,products,products:125,products:124,producer_id,producer:167,Pilsner,,,1,,,,,,,,
MISSING_PRODUCER_REFERENCE:products:130,MISSING_PRODUCER_REFERENCE,products,products:131,products:130,producer_id,producer:167,Imperial IPA,,,1,,,,,,,,
MISSING_PRODUCER_REFERENCE:products:133,MISSING_PRODUCER_REFERENCE,products,products:134,products:133,producer_id,producer:168,Imperial Porter,,,1,,,,,,,,
MISSING_PRODUCER_REFERENCE:products:142,MISSING_PRODUCER_REFERENCE,products,products:143,products:142,producer_id,producer:168,Milk Stout,,,1,,,,,,,,
MISSING_PRODUCER_REFERENCE:products:151,MISSING_PRODUCER_REFERENCE,products,products:152,products:151,producer_id,producer:169,New England IPA,,,1,,,,,,,,
MISSING_PRODUCER_REFERENCE:products:159,MISSING_PRODUCER_REFERENCE,products,products:160,products:159,producer_id,producer:169,Oat Cream IPA,,,1,,,,,,,,
MISSING_PRODUCER_REFERENCE:products:167,MISSING_PRODUCER_REFERENCE,products,products:168,products:167,producer_id,producer:170,Pacific Ale,,,1,,,,,,,,
MISSING_PRODUCER_REFERENCE:products:178,MISSING_PRODUCER_REFERENCE,products,products:179,products:178,producer_id,producer:170,Red IPA,,,1,,,,,,,,
MISSING_PRODUCER_REFERENCE:products:196,MISSING_PRODUCER_REFERENCE,products,products:197,products:196,producer_id,producer:171,Sour Ale,,,1,,,,,,,,
MISSING_PRODUCER_REFERENCE:products:200,MISSING_PRODUCER_REFERENCE,products,products:201,products:200,producer_id,producer:171,Strong Ale,,,1,,,,,,,,
MISSING_PRODUCER_REFERENCE:products:221,MISSING_PRODUCER_REFERENCE,products,products:222,products:221,producer_id,producer:172,West Coast IPA,,,1,,,,,,,,
MISSING_PRODUCER_REFERENCE:products:231,MISSING_PRODUCER_REFERENCE,products,products:232,products:231,producer_id,producer:172,Saison,,,1,,,,,,,,
MISSING_PRODUCER_REFERENCE:products:239,MISSING_PRODUCER_REFERENCE,products,products:240,products:239,producer_id,producer:173,Session IPA,,,1,,,,,,,,
MISSING_PRODUCER_REFERENCE:products:258,MISSING_PRODUCER_REFERENCE,products,products:259,products:258,producer_id,producer:173,Wheat Beer,,,1,,,,,,,,
MISSING_PRODUCER_REFERENCE:products:260,MISSING_PRODUCER_REFERENCE,products,products:261,products:260,producer_id,producer:174,White IPA,,,1,,,,,,,,
PRODUCT_CATEGORY_ANCESTRY_INVALID:products:3,PRODUCT_CATEGORY_ANCESTRY_INVALID,products,products:4,products:3,product_category_id,category:203,A Little Less Hazy,,,1,,,,,,,,
PRODUCT_CATEGORY_ANCESTRY_INVALID:products:4,PRODUCT_CATEGORY_ANCESTRY_INVALID,products,products:5,products:4,product_category_id,category:203,A Little Less Hazy NZ,,,1,,,,,,,,
PRODUCT_CATEGORY_ANCESTRY_INVALID:products:6,PRODUCT_CATEGORY_ANCESTRY_INVALID,products,products:7,products:6,product_category_id,category:203,A Little More Hazy,,,1,,,,,,,,
PRODUCT_CATEGORY_ANCESTRY_INVALID:products:8,PRODUCT_CATEGORY_ANCESTRY_INVALID,products,products:9,products:8,product_category_id,category:203,A Little More Hazy NZ,,,1,,,,,,,,
PRODUCT_CATEGORY_ANCESTRY_INVALID:products:9,PRODUCT_CATEGORY_ANCESTRY_INVALID,products,products:10,products:9,product_category_id,category:203,A Lot More Hazy,,,1,,,,,,,,
PRODUCT_CATEGORY_ANCESTRY_INVALID:products:10,PRODUCT_CATEGORY_ANCESTRY_INVALID,products,products:11,products:10,product_category_id,category:203,A Lot More Hazy NZ,,,1,,,,,,,,
PRODUCT_CATEGORY_ANCESTRY_INVALID:products:12,PRODUCT_CATEGORY_ANCESTRY_INVALID,products,products:13,products:12,product_category_id,category:203,After Hours,,,1,,,,,,,,
PRODUCT_CATEGORY_ANCESTRY_INVALID:products:17,PRODUCT_CATEGORY_ANCESTRY_INVALID,products,products:18,products:17,product_category_id,category:203,All American,,,1,,,,,,,,
PRODUCT_CATEGORY_ANCESTRY_INVALID:products:19,PRODUCT_CATEGORY_ANCESTRY_INVALID,products,products:20,products:19,product_category_id,category:203,Alpine Haze,,,1,,,,,,,,
PRODUCT_CATEGORY_ANCESTRY_INVALID:products:21,PRODUCT_CATEGORY_ANCESTRY_INVALID,products,products:22,products:21,product_category_id,category:203,American IPA,,,1,,,,,,,,
PRODUCT_CATEGORY_ANCESTRY_INVALID:products:24,PRODUCT_CATEGORY_ANCESTRY_INVALID,products,products:25,products:24,product_category_id,category:203,American Pale Ale,,,1,,,,,,,,
PRODUCT_CATEGORY_ANCESTRY_INVALID:products:26,PRODUCT_CATEGORY_ANCESTRY_INVALID,products,products:27,products:26,product_category_id,category:203,American Wheat,,,1,,,,,,,,
PRODUCT_CATEGORY_ANCESTRY_INVALID:products:27,PRODUCT_CATEGORY_ANCESTRY_INVALID,products,products:28,products:27,product_category_id,category:203,Another IPA,,,1,,,,,,,,
PRODUCT_CATEGORY_ANCESTRY_INVALID:products:28,PRODUCT_CATEGORY_ANCESTRY_INVALID,products,products:29,products:28,product_category_id,category:203,Another Pale Ale,,,1,,,,,,,,
PRODUCT_CATEGORY_ANCESTRY_INVALID:products:34,PRODUCT_CATEGORY_ANCESTRY_INVALID,products,products:35,products:34,product_category_id,category:203,Aussie IPA,,,1,,,,,,,,
PRODUCT_CATEGORY_ANCESTRY_INVALID:products:35,PRODUCT_CATEGORY_ANCESTRY_INVALID,products,products:36,products:35,product_category_id,category:203,Aussie Pale Ale,,,1,,,,,,,,
PRODUCT_CATEGORY_ANCESTRY_INVALID:products:36,PRODUCT_CATEGORY_ANCESTRY_INVALID,products,products:37,products:36,product_category_id,category:203,Aussie XPA,,,1,,,,,,,,
PRODUCT_CATEGORY_ANCESTRY_INVALID:products:37,PRODUCT_CATEGORY_ANCESTRY_INVALID,products,products:38,products:37,product_category_id,category:203,Australian IPA,,,1,,,,,,,,
PRODUCT_CATEGORY_ANCESTRY_INVALID:products:40,PRODUCT_CATEGORY_ANCESTRY_INVALID,products,products:41,products:40,product_category_id,category:203,Australian Pale Ale,,,1,,,,,,,,
PRODUCT_CATEGORY_ANCESTRY_INVALID:products:47,PRODUCT_CATEGORY_ANCESTRY_INVALID,products,products:48,products:47,product_category_id,category:203,Beach Beer,,,1,,,,,,,,
PRODUCT_CATEGORY_ANCESTRY_INVALID:products:48,PRODUCT_CATEGORY_ANCESTRY_INVALID,products,products:49,products:48,product_category_id,category:203,Beach House,,,1,,,,,,,,
PRODUCT_CATEGORY_ANCESTRY_INVALID:products:49,PRODUCT_CATEGORY_ANCESTRY_INVALID,products,products:50,products:49,product_category_id,category:203,Beach Session,,,1,,,,,,,,
PRODUCT_CATEGORY_ANCESTRY_INVALID:products:51,PRODUCT_CATEGORY_ANCESTRY_INVALID,products,products:52,products:51,product_category_id,category:203,Beer Farm IPA,,,1,,,,,,,,
PRODUCT_CATEGORY_ANCESTRY_INVALID:products:52,PRODUCT_CATEGORY_ANCESTRY_INVALID,products,products:53,products:52,product_category_id,category:203,Beer Farm Pale Ale,,,1,,,,,,,,
PRODUCT_CATEGORY_ANCESTRY_INVALID:products:54,PRODUCT_CATEGORY_ANCESTRY_INVALID,products,products:55,products:54,product_category_id,category:203,Beer O'Clock,,,1,,,,,,,,
PRODUCT_CATEGORY_ANCESTRY_INVALID:products:55,PRODUCT_CATEGORY_ANCESTRY_INVALID,products,products:56,products:55,product_category_id,category:203,Beerland IPA,,,1,,,,,,,,
PRODUCT_CATEGORY_ANCESTRY_INVALID:products:56,PRODUCT_CATEGORY_ANCESTRY_INVALID,products,products:57,products:56,product_category_id,category:203,Beerland Pale Ale,,,1,,,,,,,,
PRODUCT_CATEGORY_ANCESTRY_INVALID:products:58,PRODUCT_CATEGORY_ANCESTRY_INVALID,products,products:59,products:58,product_category_id,category:203,Big Hazy,,,1,,,,,,,,
PRODUCT_CATEGORY_ANCESTRY_INVALID:products:59,PRODUCT_CATEGORY_ANCESTRY_INVALID,products,products:60,products:59,product_category_id,category:203,Big IPA,,,1,,,,,,,,
PRODUCT_CATEGORY_ANCESTRY_INVALID:products:60,PRODUCT_CATEGORY_ANCESTRY_INVALID,products,products:61,products:60,product_category_id,category:203,Big Pale Ale,,,1,,,,,,,,
PRODUCT_CATEGORY_ANCESTRY_INVALID:products:62,PRODUCT_CATEGORY_ANCESTRY_INVALID,products,products:63,products:62,product_category_id,category:203,Black Hops IPA,,,1,,,,,,,,
PRODUCT_CATEGORY_ANCESTRY_INVALID:products:63,PRODUCT_CATEGORY_ANCESTRY_INVALID,products,products:64,products:63,product_category_id,category:203,Black Hops Pale Ale,,,1,,,,,,,,
PRODUCT_CATEGORY_ANCESTRY_INVALID:products:64,PRODUCT_CATEGORY_ANCESTRY_INVALID,products,products:65,products:64,product_category_id,category:203,Black Hops XPA,,,1,,,,,,,,
PRODUCT_CATEGORY_ANCESTRY_INVALID:products:67,PRODUCT_CATEGORY_ANCESTRY_INVALID,products,products:68,products:67,product_category_id,category:203,Blackman's IPA,,,1,,,,,,,,
PRODUCT_CATEGORY_ANCESTRY_INVALID:products:68,PRODUCT_CATEGORY_ANCESTRY_INVALID,products,products:69,products:68,product_category_id,category:203,Blackman's Pale Ale,,,1,,,,,,,,
PRODUCT_CATEGORY_ANCESTRY_INVALID:products:69,PRODUCT_CATEGORY_ANCESTRY_INVALID,products,products:70,products:69,product_category_id,category:203,Blackman's XPA,,,1,,,,,,,,
PRODUCT_CATEGORY_ANCESTRY_INVALID:products:71,PRODUCT_CATEGORY_ANCESTRY_INVALID,products,products:72,products:71,product_category_id,category:203,Black IPA,,,1,,,,,,,,
PRODUCT_CATEGORY_ANCESTRY_INVALID:products:72,PRODUCT_CATEGORY_ANCESTRY_INVALID,products,products:73,products:72,product_category_id,category:203,Blue Bay IPA,,,1,,,,,,,,
PRODUCT_CATEGORY_ANCESTRY_INVALID:products:73,PRODUCT_CATEGORY_ANCESTRY_INVALID,products,products:74,products:73,product_category_id,category:203,Blue Bay Pale Ale,,,1,,,,,,,,
PRODUCT_CATEGORY_ANCESTRY_INVALID:products:75,PRODUCT_CATEGORY_ANCESTRY_INVALID,products,products:76,products:75,product_category_id,category:203,Boatrocker IPA,,,1,,,,,,,,
PRODUCT_CATEGORY_ANCESTRY_INVALID:products:76,PRODUCT_CATEGORY_ANCESTRY_INVALID,products,products:77,products:76,product_category_id,category:203,Boatrocker Pale Ale,,,1,,,,,,,,
PRODUCT_CATEGORY_ANCESTRY_INVALID:products:77,PRODUCT_CATEGORY_ANCESTRY_INVALID,products,products:78,products:77,product_category_id,category:203,Boatrocker XPA,,,1,,,,,,,,
PRODUCT_CATEGORY_ANCESTRY_INVALID:products:81,PRODUCT_CATEGORY_ANCESTRY_INVALID,products,products:82,products:81,product_category_id,category:203,Ginger Beer,,,1,,,,,,,,
PRODUCT_CATEGORY_ANCESTRY_INVALID:products:82,PRODUCT_CATEGORY_ANCESTRY_INVALID,products,products:83,products:82,product_category_id,category:203,Ginger Beer,,,1,,,,,,,,
PRODUCT_CATEGORY_ANCESTRY_INVALID:products:84,PRODUCT_CATEGORY_ANCESTRY_INVALID,products,products:85,products:84,product_category_id,category:203,Ginger Ninja,,,1,,,,,,,,
PRODUCT_CATEGORY_ANCESTRY_INVALID:products:88,PRODUCT_CATEGORY_ANCESTRY_INVALID,products,products:89,products:88,product_category_id,category:203,Hazy IPA,,,1,,,,,,,,
PRODUCT_CATEGORY_ANCESTRY_INVALID:products:89,PRODUCT_CATEGORY_ANCESTRY_INVALID,products,products:90,products:89,product_category_id,category:203,Hazy Pale Ale,,,1,,,,,,,,
PRODUCT_CATEGORY_ANCESTRY_INVALID:products:92,PRODUCT_CATEGORY_ANCESTRY_INVALID,products,products:93,products:92,product_category_id,category:203,Hilltop Haze,,,1,,,,,,,,
PRODUCT_CATEGORY_ANCESTRY_INVALID:products:93,PRODUCT_CATEGORY_ANCESTRY_INVALID,products,products:94,products:93,product_category_id,category:203,Hilltop IPA,,,1,,,,,,,,
PRODUCT_CATEGORY_ANCESTRY_INVALID:products:94,PRODUCT_CATEGORY_ANCESTRY_INVALID,products,products:95,products:94,product_category_id,category:203,Hilltop Pale Ale,,,1,,,,,,,,
PRODUCT_CATEGORY_ANCESTRY_INVALID:products:96,PRODUCT_CATEGORY_ANCESTRY_INVALID,products,products:97,products:96,product_category_id,category:203,Hop Nation IPA,,,1,,,,,,,,
PRODUCT_CATEGORY_ANCESTRY_INVALID:products:97,PRODUCT_CATEGORY_ANCESTRY_INVALID,products,products:98,products:97,product_category_id,category:203,Hop Nation Pale Ale,,,1,,,,,,,,
PRODUCT_CATEGORY_ANCESTRY_INVALID:products:98,PRODUCT_CATEGORY_ANCESTRY_INVALID,products,products:99,products:98,product_category_id,category:203,Imperial Stout,,,1,,,,,,,,
PRODUCT_CATEGORY_ANCESTRY_INVALID:products:100,PRODUCT_CATEGORY_ANCESTRY_INVALID,products,products:101,products:100,product_category_id,category:203,IPA,,,1,,,,,,,,
PRODUCT_CATEGORY_ANCESTRY_INVALID:products:101,PRODUCT_CATEGORY_ANCESTRY_INVALID,products,products:102,products:101,product_category_id,category:203,IPA,,,1,,,,,,,,
PRODUCT_CATEGORY_ANCESTRY_INVALID:products:102,PRODUCT_CATEGORY_ANCESTRY_INVALID,products,products:103,products:102,product_category_id,category:203,IPA,,,1,,,,,,,,
PRODUCT_CATEGORY_ANCESTRY_INVALID:products:103,PRODUCT_CATEGORY_ANCESTRY_INVALID,products,products:104,products:103,product_category_id,category:203,IPA,,,1,,,,,,,,
PRODUCT_CATEGORY_ANCESTRY_INVALID:products:105,PRODUCT_CATEGORY_ANCESTRY_INVALID,products,products:106,products:105,product_category_id,category:203,Japanese Rice Lager,,,1,,,,,,,,
PRODUCT_CATEGORY_ANCESTRY_INVALID:products:106,PRODUCT_CATEGORY_ANCESTRY_INVALID,products,products:107,products:106,product_category_id,category:203,Juicy IPA,,,1,,,,,,,,
PRODUCT_CATEGORY_ANCESTRY_INVALID:products:110,PRODUCT_CATEGORY_ANCESTRY_INVALID,products,products:111,products:110,product_category_id,category:203,Lager,,,1,,,,,,,,
PRODUCT_CATEGORY_ANCESTRY_INVALID:products:112,PRODUCT_CATEGORY_ANCESTRY_INVALID,products,products:113,products:112,product_category_id,category:203,Lager,,,1,,,,,,,,
PRODUCT_CATEGORY_ANCESTRY_INVALID:products:113,PRODUCT_CATEGORY_ANCESTRY_INVALID,products,products:114,products:113,product_category_id,category:203,Lager,,,1,,,,,,,,
PRODUCT_CATEGORY_ANCESTRY_INVALID:products:114,PRODUCT_CATEGORY_ANCESTRY_INVALID,products,products:115,products:114,product_category_id,category:203,Lager,,,1,,,,,,,,
PRODUCT_CATEGORY_ANCESTRY_INVALID:products:116,PRODUCT_CATEGORY_ANCESTRY_INVALID,products,products:117,products:116,product_category_id,category:203,India Pale Ale,,,1,,,,,,,,
PRODUCT_CATEGORY_ANCESTRY_INVALID:products:117,PRODUCT_CATEGORY_ANCESTRY_INVALID,products,products:118,products:117,product_category_id,category:203,IPA,,,1,,,,,,,,
PRODUCT_CATEGORY_ANCESTRY_INVALID:products:118,PRODUCT_CATEGORY_ANCESTRY_INVALID,products,products:119,products:118,product_category_id,category:203,IPA,,,1,,,,,,,,
PRODUCT_CATEGORY_ANCESTRY_INVALID:products:119,PRODUCT_CATEGORY_ANCESTRY_INVALID,products,products:120,products:119,product_category_id,category:203,IPA,,,1,,,,,,,,
PRODUCT_CATEGORY_ANCESTRY_INVALID:products:120,PRODUCT_CATEGORY_ANCESTRY_INVALID,products,products:121,products:120,product_category_id,category:203,Pale Ale,,,1,,,,,,,,
PRODUCT_CATEGORY_ANCESTRY_INVALID:products:121,PRODUCT_CATEGORY_ANCESTRY_INVALID,products,products:122,products:121,product_category_id,category:203,Pale Ale,,,1,,,,,,,,
PRODUCT_CATEGORY_ANCESTRY_INVALID:products:122,PRODUCT_CATEGORY_ANCESTRY_INVALID,products,products:123,products:122,product_category_id,category:203,Pale Ale,,,1,,,,,,,,
PRODUCT_CATEGORY_ANCESTRY_INVALID:products:123,PRODUCT_CATEGORY_ANCESTRY_INVALID,products,products:124,products:123,product_category_id,category:203,Pilsner,,,1,,,,,,,,
PRODUCT_CATEGORY_ANCESTRY_INVALID:products:124,PRODUCT_CATEGORY_ANCESTRY_INVALID,products,products:125,products:124,product_category_id,category:203,Pilsner,,,1,,,,,,,,
PRODUCT_CATEGORY_ANCESTRY_INVALID:products:126,PRODUCT_CATEGORY_ANCESTRY_INVALID,products,products:127,products:126,product_category_id,category:203,Red Ale,,,1,,,,,,,,
PRODUCT_CATEGORY_ANCESTRY_INVALID:products:127,PRODUCT_CATEGORY_ANCESTRY_INVALID,products,products:128,products:127,product_category_id,category:203,Red IPA,,,1,,,,,,,,
PRODUCT_CATEGORY_ANCESTRY_INVALID:products:128,PRODUCT_CATEGORY_ANCESTRY_INVALID,products,products:129,products:128,product_category_id,category:203,Red IPA,,,1,,,,,,,,
PRODUCT_CATEGORY_ANCESTRY_INVALID:products:129,PRODUCT_CATEGORY_ANCESTRY_INVALID,products,products:130,products:129,product_category_id,category:203,Imperial IPA,,,1,,,,,,,,
PRODUCT_CATEGORY_ANCESTRY_INVALID:products:130,PRODUCT_CATEGORY_ANCESTRY_INVALID,products,products:131,products:130,product_category_id,category:203,Imperial IPA,,,1,,,,,,,,
PRODUCT_CATEGORY_ANCESTRY_INVALID:products:131,PRODUCT_CATEGORY_ANCESTRY_INVALID,products,products:132,products:131,product_category_id,category:203,Imperial IPA,,,1,,,,,,,,
PRODUCT_CATEGORY_ANCESTRY_INVALID:products:132,PRODUCT_CATEGORY_ANCESTRY_INVALID,products,products:133,products:132,product_category_id,category:203,Imperial Porter,,,1,,,,,,,,
PRODUCT_CATEGORY_ANCESTRY_INVALID:products:133,PRODUCT_CATEGORY_ANCESTRY_INVALID,products,products:134,products:133,product_category_id,category:203,Imperial Porter,,,1,,,,,,,,
PRODUCT_CATEGORY_ANCESTRY_INVALID:products:135,PRODUCT_CATEGORY_ANCESTRY_INVALID,products,products:136,products:135,product_category_id,category:203,IPA,,,1,,,,,,,,
PRODUCT_CATEGORY_ANCESTRY_INVALID:products:136,PRODUCT_CATEGORY_ANCESTRY_INVALID,products,products:137,products:136,product_category_id,category:203,IPA,,,1,,,,,,,,
PRODUCT_CATEGORY_ANCESTRY_INVALID:products:137,PRODUCT_CATEGORY_ANCESTRY_INVALID,products,products:138,products:137,product_category_id,category:203,IPA,,,1,,,,,,,,
PRODUCT_CATEGORY_ANCESTRY_INVALID:products:139,PRODUCT_CATEGORY_ANCESTRY_INVALID,products,products:140,products:139,product_category_id,category:203,Milk Stout,,,1,,,,,,,,
PRODUCT_CATEGORY_ANCESTRY_INVALID:products:142,PRODUCT_CATEGORY_ANCESTRY_INVALID,products,products:143,products:142,product_category_id,category:203,Milk Stout,,,1,,,,,,,,
PRODUCT_CATEGORY_ANCESTRY_INVALID:products:144,PRODUCT_CATEGORY_ANCESTRY_INVALID,products,products:145,products:144,product_category_id,category:203,New England IPA,,,1,,,,,,,,
PRODUCT_CATEGORY_ANCESTRY_INVALID:products:145,PRODUCT_CATEGORY_ANCESTRY_INVALID,products,products:146,products:145,product_category_id,category:203,New England IPA,,,1,,,,,,,,
PRODUCT_CATEGORY_ANCESTRY_INVALID:products:146,PRODUCT_CATEGORY_ANCESTRY_INVALID,products,products:147,products:146,product_category_id,category:203,New England IPA,,,1,,,,,,,,
PRODUCT_CATEGORY_ANCESTRY_INVALID:products:147,PRODUCT_CATEGORY_ANCESTRY_INVALID,products,products:148,products:147,product_category_id,category:203,New England IPA,,,1,,,,,,,,
PRODUCT_CATEGORY_ANCESTRY_INVALID:products:151,PRODUCT_CATEGORY_ANCESTRY_INVALID,products,products:152,products:151,product_category_id,category:203,New England IPA,,,1,,,,,,,,
PRODUCT_CATEGORY_ANCESTRY_INVALID:products:152,PRODUCT_CATEGORY_ANCESTRY_INVALID,products,products:153,products:152,product_category_id,category:203,New England Pale Ale,,,1,,,,,,,,
PRODUCT_CATEGORY_ANCESTRY_INVALID:products:153,PRODUCT_CATEGORY_ANCESTRY_INVALID,products,products:154,products:153,product_category_id,category:203,NEIPA,,,1,,,,,,,,
PRODUCT_CATEGORY_ANCESTRY_INVALID:products:154,PRODUCT_CATEGORY_ANCESTRY_INVALID,products,products:155,products:154,product_category_id,category:203,NEIPA,,,1,,,,,,,,
PRODUCT_CATEGORY_ANCESTRY_INVALID:products:155,PRODUCT_CATEGORY_ANCESTRY_INVALID,products,products:156,products:155,product_category_id,category:203,NEIPA,,,1,,,,,,,,
PRODUCT_CATEGORY_ANCESTRY_INVALID:products:157,PRODUCT_CATEGORY_ANCESTRY_INVALID,products,products:158,products:157,product_category_id,category:203,Oat Cream IPA,,,1,,,,,,,,
PRODUCT_CATEGORY_ANCESTRY_INVALID:products:159,PRODUCT_CATEGORY_ANCESTRY_INVALID,products,products:160,products:159,product_category_id,category:203,Oat Cream IPA,,,1,,,,,,,,
PRODUCT_CATEGORY_ANCESTRY_INVALID:products:160,PRODUCT_CATEGORY_ANCESTRY_INVALID,products,products:161,products:160,product_category_id,category:203,Oat Cream IPA,,,1,,,,,,,,
PRODUCT_CATEGORY_ANCESTRY_INVALID:products:161,PRODUCT_CATEGORY_ANCESTRY_INVALID,products,products:162,products:161,product_category_id,category:203,Oat Cream Pale Ale,,,1,,,,,,,,
PRODUCT_CATEGORY_ANCESTRY_INVALID:products:164,PRODUCT_CATEGORY_ANCESTRY_INVALID,products,products:165,products:164,product_category_id,category:203,NEIPA,,,1,,,,,,,,
PRODUCT_CATEGORY_ANCESTRY_INVALID:products:165,PRODUCT_CATEGORY_ANCESTRY_INVALID,products,products:166,products:165,product_category_id,category:203,NEIPA,,,1,,,,,,,,
PRODUCT_CATEGORY_ANCESTRY_INVALID:products:166,PRODUCT_CATEGORY_ANCESTRY_INVALID,products,products:167,products:166,product_category_id,category:203,NEIPA,,,1,,,,,,,,
PRODUCT_CATEGORY_ANCESTRY_INVALID:products:170,PRODUCT_CATEGORY_ANCESTRY_INVALID,products,products:171,products:170,product_category_id,category:332,East Coast Haze,,,1,,,,,,,,
PRODUCT_CATEGORY_ANCESTRY_INVALID:products:172,PRODUCT_CATEGORY_ANCESTRY_INVALID,products,products:173,products:172,product_category_id,category:203,Pale Ale,,,1,,,,,,,,
PRODUCT_CATEGORY_ANCESTRY_INVALID:products:178,PRODUCT_CATEGORY_ANCESTRY_INVALID,products,products:179,products:178,product_category_id,category:203,Red IPA,,,1,,,,,,,,
PRODUCT_CATEGORY_ANCESTRY_INVALID:products:183,PRODUCT_CATEGORY_ANCESTRY_INVALID,products,products:184,products:183,product_category_id,category:203,Session IPA,,,1,,,,,,,,
PRODUCT_CATEGORY_ANCESTRY_INVALID:products:184,PRODUCT_CATEGORY_ANCESTRY_INVALID,products,products:185,products:184,product_category_id,category:203,Session IPA,,,1,,,,,,,,
PRODUCT_CATEGORY_ANCESTRY_INVALID:products:185,PRODUCT_CATEGORY_ANCESTRY_INVALID,products,products:186,products:185,product_category_id,category:203,Session IPA,,,1,,,,,,,,
PRODUCT_CATEGORY_ANCESTRY_INVALID:products:187,PRODUCT_CATEGORY_ANCESTRY_INVALID,products,products:188,products:187,product_category_id,category:203,Stout,,,1,,,,,,,,
PRODUCT_CATEGORY_ANCESTRY_INVALID:products:188,PRODUCT_CATEGORY_ANCESTRY_INVALID,products,products:189,products:188,product_category_id,category:203,Stout,,,1,,,,,,,,
PRODUCT_CATEGORY_ANCESTRY_INVALID:products:189,PRODUCT_CATEGORY_ANCESTRY_INVALID,products,products:190,products:189,product_category_id,category:203,Stout,,,1,,,,,,,,
PRODUCT_CATEGORY_ANCESTRY_INVALID:products:196,PRODUCT_CATEGORY_ANCESTRY_INVALID,products,products:197,products:196,product_category_id,category:203,Sour Ale,,,1,,,,,,,,
PRODUCT_CATEGORY_ANCESTRY_INVALID:products:197,PRODUCT_CATEGORY_ANCESTRY_INVALID,products,products:198,products:197,product_category_id,category:203,Sour Ale,,,1,,,,,,,,
PRODUCT_CATEGORY_ANCESTRY_INVALID:products:200,PRODUCT_CATEGORY_ANCESTRY_INVALID,products,products:201,products:200,product_category_id,category:203,Strong Ale,,,1,,,,,,,,
PRODUCT_CATEGORY_ANCESTRY_INVALID:products:204,PRODUCT_CATEGORY_ANCESTRY_INVALID,products,products:205,products:204,product_category_id,category:331,Sour Cherry Ale,,,1,,,,,,,,
PRODUCT_CATEGORY_ANCESTRY_INVALID:products:207,PRODUCT_CATEGORY_ANCESTRY_INVALID,products,products:208,products:207,product_category_id,category:333,Tropical Sour,,,1,,,,,,,,
PRODUCT_CATEGORY_ANCESTRY_INVALID:products:221,PRODUCT_CATEGORY_ANCESTRY_INVALID,products,products:222,products:221,product_category_id,category:203,West Coast IPA,,,1,,,,,,,,
PRODUCT_CATEGORY_ANCESTRY_INVALID:products:222,PRODUCT_CATEGORY_ANCESTRY_INVALID,products,products:223,products:222,product_category_id,category:203,West Coast IPA,,,1,,,,,,,,
PRODUCT_CATEGORY_ANCESTRY_INVALID:products:223,PRODUCT_CATEGORY_ANCESTRY_INVALID,products,products:224,products:223,product_category_id,category:203,West Coast IPA,,,1,,,,,,,,
PRODUCT_CATEGORY_ANCESTRY_INVALID:products:225,PRODUCT_CATEGORY_ANCESTRY_INVALID,products,products:226,products:225,product_category_id,category:203,XPA,,,1,,,,,,,,
PRODUCT_CATEGORY_ANCESTRY_INVALID:products:228,PRODUCT_CATEGORY_ANCESTRY_INVALID,products,products:229,products:228,product_category_id,category:203,Saison,,,1,,,,,,,,
PRODUCT_CATEGORY_ANCESTRY_INVALID:products:231,PRODUCT_CATEGORY_ANCESTRY_INVALID,products,products:232,products:231,product_category_id,category:203,Saison,,,1,,,,,,,,
PRODUCT_CATEGORY_ANCESTRY_INVALID:products:232,PRODUCT_CATEGORY_ANCESTRY_INVALID,products,products:233,products:232,product_category_id,category:203,Saison,,,1,,,,,,,,
PRODUCT_CATEGORY_ANCESTRY_INVALID:products:233,PRODUCT_CATEGORY_ANCESTRY_INVALID,products,products:234,products:233,product_category_id,category:203,Saison,,,1,,,,,,,,
PRODUCT_CATEGORY_ANCESTRY_INVALID:products:234,PRODUCT_CATEGORY_ANCESTRY_INVALID,products,products:235,products:234,product_category_id,category:203,Saison,,,1,,,,,,,,
PRODUCT_CATEGORY_ANCESTRY_INVALID:products:235,PRODUCT_CATEGORY_ANCESTRY_INVALID,products,products:236,products:235,product_category_id,category:203,Saison,,,1,,,,,,,,
PRODUCT_CATEGORY_ANCESTRY_INVALID:products:238,PRODUCT_CATEGORY_ANCESTRY_INVALID,products,products:239,products:238,product_category_id,category:203,Session IPA,,,1,,,,,,,,
PRODUCT_CATEGORY_ANCESTRY_INVALID:products:239,PRODUCT_CATEGORY_ANCESTRY_INVALID,products,products:240,products:239,product_category_id,category:203,Session IPA,,,1,,,,,,,,
PRODUCT_CATEGORY_ANCESTRY_INVALID:products:242,PRODUCT_CATEGORY_ANCESTRY_INVALID,products,products:243,products:242,product_category_id,category:203,Stout,,,1,,,,,,,,
PRODUCT_CATEGORY_ANCESTRY_INVALID:products:243,PRODUCT_CATEGORY_ANCESTRY_INVALID,products,products:244,products:243,product_category_id,category:203,Stout,,,1,,,,,,,,
PRODUCT_CATEGORY_ANCESTRY_INVALID:products:246,PRODUCT_CATEGORY_ANCESTRY_INVALID,products,products:247,products:246,product_category_id,category:203,Stout,,,1,,,,,,,,
PRODUCT_CATEGORY_ANCESTRY_INVALID:products:248,PRODUCT_CATEGORY_ANCESTRY_INVALID,products,products:249,products:248,product_category_id,category:203,Strong Ale,,,1,,,,,,,,
PRODUCT_CATEGORY_ANCESTRY_INVALID:products:250,PRODUCT_CATEGORY_ANCESTRY_INVALID,products,products:251,products:250,product_category_id,category:203,West Coast IPA,,,1,,,,,,,,
PRODUCT_CATEGORY_ANCESTRY_INVALID:products:254,PRODUCT_CATEGORY_ANCESTRY_INVALID,products,products:255,products:254,product_category_id,category:203,Wheat Beer,,,1,,,,,,,,
PRODUCT_CATEGORY_ANCESTRY_INVALID:products:258,PRODUCT_CATEGORY_ANCESTRY_INVALID,products,products:259,products:258,product_category_id,category:203,Wheat Beer,,,1,,,,,,,,
PRODUCT_CATEGORY_ANCESTRY_INVALID:products:260,PRODUCT_CATEGORY_ANCESTRY_INVALID,products,products:261,products:260,product_category_id,category:203,White IPA,,,1,,,,,,,,
PRODUCT_CATEGORY_ANCESTRY_INVALID:products:349,PRODUCT_CATEGORY_ANCESTRY_INVALID,products,products:350,products:349,product_category_id,category:332,West Coast IPA,,,1,,,,,,,,
PUBLIC_TEXT_ENCODING_SUSPECT:products:200,PUBLIC_TEXT_ENCODING_SUSPECT,products,products:201,products:200,declared_category,,Strong Ale,,,1,,,,,,,,
